dN,dE,dU,Sn,Se,Su,DOY,SITE
0.79,-13.15,144.03,4.16,4.36,149.88,107.00,BOMB
-0.11,-6.76,130.62,8.72,10.85,477.47,108.00,BOMB
-2.35,-14.26,80.01,28.17,36.11,651.00,109.00,BOMB
-2.76,-11.47,4.07,2.41,3.01,11.50,110.00,BOMB
-1.58,-8.74,4.53,1.97,2.50,9.23,111.00,BOMB
-3.04,-9.08,0.55,2.00,2.68,9.42,112.00,BOMB
-0.09,-10.65,-3.51,2.38,3.16,10.92,113.00,BOMB
-0.59,-9.08,-1.47,2.13,2.84,9.59,114.00,BOMB
-1.92,-4.54,-1.71,2.15,2.86,9.99,115.00,BOMB
-1.45,-5.39,-2.34,1.91,2.73,9.11,116.00,BOMB
-3.75,-6.29,9.15,2.11,3.25,9.82,117.00,BOMB
-1.61,-6.04,10.63,1.99,2.90,9.57,118.00,BOMB
-1.38,-4.90,4.90,1.83,2.82,8.60,119.00,BOMB
0.17,-3.39,3.76,1.74,2.27,8.25,120.00,BOMB
-1.33,-5.70,2.63,1.87,2.33,8.88,121.00,BOMB
-4.02,-5.09,-0.45,2.14,2.71,9.98,122.00,BOMB
-0.95,-3.23,-1.05,1.84,2.51,8.59,123.00,BOMB
-0.60,-3.05,2.43,2.16,2.98,10.19,124.00,BOMB
0.52,-3.43,1.76,2.01,2.61,9.56,125.00,BOMB
-2.86,-4.77,5.36,1.92,2.38,8.76,126.00,BOMB
-2.61,-8.41,8.04,2.19,2.87,10.22,127.00,BOMB
1.15,-4.84,-2.90,2.17,2.71,10.43,128.00,BOMB
-2.44,-6.37,14.68,2.13,2.79,9.93,129.00,BOMB
-0.87,-1.85,4.56,2.17,2.71,10.13,130.00,BOMB
-2.51,-2.10,2.48,2.22,2.76,10.63,131.00,BOMB
-1.85,-2.25,0.10,2.26,2.86,10.60,132.00,BOMB
-1.01,-0.78,6.30,2.00,2.56,9.31,133.00,BOMB
-0.71,-5.59,-0.12,2.83,3.88,13.83,134.00,BOMB
-2.27,-8.42,3.38,2.38,3.13,11.01,135.00,BOMB
-1.38,-0.56,7.19,2.08,2.68,9.82,136.00,BOMB
-1.52,-3.52,6.84,2.70,3.52,13.01,137.00,BOMB
-0.91,-3.92,-3.20,2.40,3.08,11.55,138.00,BOMB
-0.82,-4.58,7.69,2.13,2.77,10.17,139.00,BOMB
-0.39,-6.65,3.84,2.14,3.06,10.44,140.00,BOMB
-1.03,-5.41,13.72,2.06,2.59,9.96,141.00,BOMB
-2.02,-3.64,-1.72,2.09,2.65,10.24,142.00,BOMB
-1.09,-5.19,5.51,2.25,3.13,10.71,143.00,BOMB
-1.07,-2.07,4.14,1.89,2.43,9.24,144.00,BOMB
-4.97,-2.01,5.17,2.10,2.69,10.10,145.00,BOMB
0.20,0.93,9.80,2.54,3.11,12.38,146.00,BOMB
1.27,-0.19,4.06,2.58,3.52,12.78,147.00,BOMB
-2.48,0.67,13.67,2.39,3.10,11.65,148.00,BOMB
1.32,-1.50,5.66,2.41,3.30,11.58,149.00,BOMB
-0.55,-2.77,16.87,2.60,3.39,12.46,150.00,BOMB
-1.16,-2.55,4.72,2.20,2.77,10.32,151.00,BOMB
-0.44,-0.22,-0.09,2.46,3.34,11.93,152.00,BOMB
-3.74,-2.77,13.50,2.38,3.03,11.37,153.00,BOMB
-2.77,-4.24,-0.49,2.24,2.81,10.30,154.00,BOMB
-0.97,-0.14,-2.35,2.02,2.60,9.84,155.00,BOMB
0.13,-0.62,13.84,2.18,2.72,10.25,156.00,BOMB
0.80,1.31,-0.90,3.20,4.09,15.22,157.00,BOMB
1.32,-0.13,-1.82,2.76,3.59,13.01,158.00,BOMB
-1.58,-1.85,2.09,2.60,3.19,12.67,159.00,BOMB
-3.04,-1.27,3.32,2.71,3.56,12.87,160.00,BOMB
2.34,-2.50,-7.11,3.10,4.08,14.67,161.00,BOMB
1.03,-1.94,9.20,2.41,2.95,11.65,162.00,BOMB
-0.63,-0.29,3.80,2.75,3.37,12.94,163.00,BOMB
-2.72,1.18,-10.08,2.66,3.23,12.74,164.00,BOMB
2.20,-2.45,-3.77,2.44,3.01,11.57,165.00,BOMB
1.09,0.86,-3.58,2.95,3.64,14.36,166.00,BOMB
-0.08,-0.51,1.15,2.28,2.96,10.49,167.00,BOMB
-0.70,-2.48,11.57,2.19,2.66,10.20,168.00,BOMB
1.78,1.45,0.38,2.23,2.87,10.43,169.00,BOMB
-1.28,0.66,-8.03,2.75,3.28,12.85,170.00,BOMB
-3.74,2.73,2.86,3.35,4.05,15.82,171.00,BOMB
-0.14,-5.16,6.65,4.29,5.27,20.03,172.00,BOMB
-3.41,6.51,-12.79,6.98,9.19,34.92,173.00,BOMB
-3.41,0.99,2.55,3.10,3.80,14.87,174.00,BOMB
-0.47,2.77,-11.04,2.51,3.15,12.05,175.00,BOMB
-0.66,1.26,-4.11,1.90,2.32,9.09,176.00,BOMB
-0.54,4.28,-3.34,2.15,2.74,10.50,177.00,BOMB
-0.36,3.22,-21.97,3.28,4.03,16.25,178.00,BOMB
2.34,5.60,-0.02,3.02,3.79,14.60,179.00,BOMB
2.79,4.39,-8.79,3.39,4.27,16.69,180.00,BOMB
2.76,2.79,-13.97,4.35,5.66,21.26,181.00,BOMB
1.46,1.06,-9.53,3.07,3.82,15.24,182.00,BOMB
5.61,3.81,-0.51,3.98,5.12,19.88,183.00,BOMB
4.50,5.63,3.94,2.38,2.96,11.25,184.00,BOMB
2.36,6.74,-12.38,2.60,3.29,12.67,185.00,BOMB
3.23,5.11,-16.69,3.49,4.21,17.43,186.00,BOMB
-0.09,4.40,-26.48,4.55,5.58,22.74,187.00,BOMB
4.34,0.06,-7.49,2.88,3.60,14.05,188.00,BOMB
3.14,4.15,-0.30,4.19,5.93,19.81,189.00,BOMB
4.59,5.66,-2.58,3.35,4.21,15.76,190.00,BOMB
4.59,3.29,-9.92,2.10,2.92,9.61,191.00,BOMB
1.17,8.40,-11.11,3.29,4.85,15.52,192.00,BOMB
0.22,9.03,-0.25,3.59,4.58,17.64,193.00,BOMB
31.99,82.72,2.89,24.32,105.97,75.10,194.00,BOMB
1.68,34.53,-45.63,8.31,36.80,64.61,199.00,BOMB
0.52,-0.56,1.02,3.20,4.74,15.09,107.00,DHAN
1.17,0.21,-2.38,3.31,5.29,15.78,108.00,DHAN
1.07,-3.15,-9.98,3.02,4.50,14.22,109.00,DHAN
-1.25,2.66,5.64,2.89,5.51,13.46,110.00,DHAN
-1.26,-3.82,-7.50,2.97,5.16,13.52,111.00,DHAN
-3.28,1.75,-4.83,3.33,5.86,15.42,112.00,DHAN
-4.21,-5.44,-4.72,4.13,6.87,19.99,113.00,DHAN
-1.01,-0.29,12.93,4.65,8.41,21.80,114.00,DHAN
2.04,6.12,-7.48,4.92,8.84,23.57,115.00,DHAN
0.61,0.19,-2.83,2.88,5.09,13.89,116.00,DHAN
-0.56,-0.65,2.49,2.98,4.95,13.74,117.00,DHAN
1.73,2.15,-2.92,2.87,4.44,13.77,118.00,DHAN
0.73,-1.17,-0.16,3.35,5.50,15.74,119.00,DHAN
0.58,2.00,4.32,3.56,5.56,16.99,120.00,DHAN
1.81,-0.18,3.92,2.15,2.77,9.68,124.00,DHAN
0.72,3.08,5.93,1.85,2.49,8.55,125.00,DHAN
0.67,-2.92,6.49,2.26,2.89,10.23,126.00,DHAN
-4.06,-9.62,4.95,1.88,2.33,7.92,107.00,IITK
-2.52,-3.25,0.42,1.97,2.40,8.46,108.00,IITK
-1.84,-4.86,-5.18,1.87,2.37,7.78,109.00,IITK
-3.76,-5.68,1.92,1.89,2.43,7.85,110.00,IITK
-2.09,-7.70,0.94,1.81,2.35,7.76,111.00,IITK
-4.76,-7.23,-2.05,1.85,2.41,7.87,112.00,IITK
-4.78,-5.13,0.04,1.99,2.54,8.16,113.00,IITK
-3.92,-8.96,5.01,2.22,3.02,8.95,114.00,IITK
-5.63,-4.59,5.32,1.81,2.18,7.33,115.00,IITK
-2.45,-5.83,1.96,1.75,2.42,7.27,116.00,IITK
-4.13,-5.48,7.91,1.87,2.60,7.97,117.00,IITK
-4.38,-4.32,5.31,2.01,2.64,8.68,118.00,IITK
-2.61,-4.65,0.71,1.90,2.34,7.73,119.00,IITK
-3.79,-2.44,6.97,1.63,2.03,6.88,120.00,IITK
-5.14,-3.38,1.51,1.67,1.93,7.11,121.00,IITK
-6.81,-6.16,1.86,1.74,2.11,7.15,122.00,IITK
-4.56,-2.53,2.80,1.50,1.77,6.33,123.00,IITK
-4.04,-3.68,2.88,1.62,2.06,6.95,124.00,IITK
-3.44,-4.02,4.85,1.54,1.80,6.65,125.00,IITK
-4.24,-6.08,4.96,1.86,2.09,7.72,126.00,IITK
-3.00,-4.62,3.79,1.90,2.34,8.05,127.00,IITK
-0.53,-7.32,-4.77,2.12,2.64,9.21,128.00,IITK
-3.28,-2.35,-3.70,2.50,3.07,10.60,129.00,IITK
-0.21,-4.03,-0.29,1.85,2.28,7.73,130.00,IITK
-1.00,-4.06,-0.74,1.74,2.10,7.61,131.00,IITK
-2.98,-2.88,4.24,1.69,2.05,7.29,132.00,IITK
-4.36,0.31,7.22,1.92,2.45,8.47,133.00,IITK
-0.33,-4.41,-5.10,2.55,3.13,10.87,134.00,IITK
-4.53,-5.76,-2.62,2.54,3.12,10.98,135.00,IITK
-1.65,-1.06,-4.36,1.88,2.36,8.17,136.00,IITK
-1.95,-4.31,-1.08,1.96,2.36,8.48,137.00,IITK
0.48,0.57,-4.21,2.32,2.89,9.89,138.00,IITK
-1.78,-2.65,4.21,2.23,2.79,9.27,139.00,IITK
-0.69,-3.42,6.36,2.13,2.92,9.24,140.00,IITK
-1.05,-5.70,13.15,2.02,2.54,8.76,141.00,IITK
0.05,-2.12,-7.09,1.92,2.45,8.34,142.00,IITK
-0.11,0.07,5.14,1.90,2.50,8.22,143.00,IITK
-1.30,-2.58,-1.12,1.90,2.41,8.26,144.00,IITK
-1.14,-1.27,5.34,1.71,2.10,7.36,145.00,IITK
-1.79,-0.13,6.68,2.24,2.70,9.77,146.00,IITK
-1.21,3.78,-8.13,2.98,3.51,13.16,147.00,IITK
-2.33,-0.99,14.21,2.45,3.21,10.63,148.00,IITK
-1.43,-1.67,4.23,2.85,3.40,12.70,149.00,IITK
0.38,-2.01,12.55,3.28,3.99,14.71,150.00,IITK
-3.54,1.46,3.03,2.37,3.54,10.86,151.00,IITK
-0.81,-1.23,-10.05,2.98,3.24,12.50,152.00,IITK
-1.93,3.15,0.90,2.83,3.81,12.49,153.00,IITK
-0.75,-0.38,-2.54,2.33,2.82,10.11,154.00,IITK
0.70,3.20,0.58,3.41,4.06,14.84,155.00,IITK
-3.47,1.84,13.31,2.55,3.13,10.74,156.00,IITK
-3.61,2.98,-0.85,2.66,3.29,11.59,157.00,IITK
0.27,2.47,3.60,2.07,2.48,8.98,158.00,IITK
-0.61,1.02,-0.72,2.17,2.66,9.32,159.00,IITK
0.95,3.12,5.57,1.96,2.31,8.30,160.00,IITK
-1.23,0.66,4.75,2.03,2.39,8.57,161.00,IITK
2.02,0.01,17.68,1.90,2.33,8.24,162.00,IITK
1.22,1.19,7.83,1.78,2.18,7.73,163.00,IITK
-0.12,3.14,7.57,2.19,2.53,9.21,164.00,IITK
1.48,0.34,5.82,1.96,2.32,8.42,165.00,IITK
2.35,-0.28,0.62,1.99,2.32,8.55,166.00,IITK
0.63,0.08,4.81,2.05,2.66,8.78,167.00,IITK
0.88,2.32,8.31,2.21,2.59,9.48,168.00,IITK
-0.05,4.78,3.48,2.23,2.74,9.38,169.00,IITK
0.96,0.75,2.16,2.93,3.27,12.61,170.00,IITK
2.56,1.40,4.16,3.23,3.84,13.98,171.00,IITK
-1.99,3.51,7.92,3.57,4.28,15.70,172.00,IITK
1.34,1.13,10.23,1.99,2.43,8.38,173.00,IITK
2.01,2.17,-10.89,2.46,2.86,10.69,174.00,IITK
1.89,3.11,15.98,2.31,2.74,9.97,175.00,IITK
2.32,1.42,3.86,2.08,2.60,8.87,176.00,IITK
2.60,-3.14,-7.71,2.74,3.44,11.61,177.00,IITK
1.26,2.02,1.10,1.96,2.43,8.45,178.00,IITK
3.18,1.61,4.08,1.88,2.26,7.94,179.00,IITK
2.51,2.55,1.36,2.53,3.49,11.08,180.00,IITK
1.91,-1.18,6.84,2.27,2.90,9.48,181.00,IITK
-0.74,-2.56,-2.09,2.41,2.96,10.33,182.00,IITK
3.73,2.64,4.69,2.61,3.09,11.42,183.00,IITK
3.79,2.66,12.01,1.80,2.28,7.95,184.00,IITK
0.73,4.82,-2.26,2.46,2.91,10.61,185.00,IITK
0.43,-0.86,-18.70,3.09,3.33,13.21,187.00,IITK
3.57,3.37,8.38,2.55,3.00,10.72,188.00,IITK
2.96,3.15,-6.57,1.93,2.27,8.36,189.00,IITK
3.38,3.53,-0.15,1.83,2.20,7.62,190.00,IITK
5.00,-0.26,-11.97,2.21,2.72,9.21,191.00,IITK
3.26,1.90,-9.45,2.16,2.65,9.22,192.00,IITK
-0.60,2.45,-10.79,3.02,3.45,13.13,193.00,IITK
3.70,3.54,-4.33,2.19,2.60,9.23,194.00,IITK
6.71,6.36,-3.49,2.52,2.95,10.90,195.00,IITK
3.49,6.38,2.12,2.10,2.42,8.96,196.00,IITK
1.76,1.70,-9.89,2.26,2.64,9.58,197.00,IITK
1.16,6.64,-7.78,2.05,2.23,8.78,198.00,IITK
6.14,4.43,-4.62,1.96,2.31,7.86,199.00,IITK
5.32,1.13,-10.97,2.61,3.22,11.20,200.00,IITK
4.17,6.75,-6.96,2.26,2.64,9.64,201.00,IITK
5.15,3.67,-12.92,2.25,2.59,9.58,202.00,IITK
5.20,6.32,-1.72,1.89,2.28,8.13,203.00,IITK
2.44,5.80,-8.62,2.19,2.49,9.08,204.00,IITK
0.76,-1.46,-22.23,2.98,3.57,12.10,205.00,IITK
3.04,4.63,-6.26,3.17,3.77,13.12,206.00,IITK
3.79,8.94,11.57,2.80,3.29,11.98,207.00,IITK
3.52,8.59,-4.97,1.96,2.27,8.52,208.00,IITK
3.66,3.97,-24.45,2.91,3.41,12.68,209.00,IITK
4.74,7.64,-8.61,2.04,2.32,9.01,210.00,IITK
3.20,4.93,-20.26,2.81,3.09,12.26,211.00,IITK
1.75,4.57,-11.37,2.22,2.71,9.64,212.00,IITK
4.76,3.50,-17.32,2.11,2.48,9.36,213.00,IITK
-1.22,-13.04,-3.52,1.96,2.48,8.56,107.00,MANI
-1.95,-10.06,4.30,1.72,2.24,7.64,108.00,MANI
-1.69,-13.65,0.61,1.99,2.50,8.61,109.00,MANI
-4.20,-11.77,2.33,1.85,2.67,7.87,110.00,MANI
-3.04,-11.69,-0.51,2.11,2.75,9.34,111.00,MANI
-3.82,-11.82,3.17,1.84,2.46,8.12,112.00,MANI
-5.25,-9.61,-2.04,2.11,2.80,9.02,113.00,MANI
-2.04,-11.96,4.34,2.01,2.79,8.34,114.00,MANI
-3.54,-6.91,0.56,1.91,2.43,8.18,115.00,MANI
-1.86,-6.22,-4.14,1.62,2.57,7.21,116.00,MANI
-3.34,-9.60,5.47,1.90,2.81,8.27,117.00,MANI
-2.59,-9.63,4.84,1.81,2.57,8.26,118.00,MANI
-3.22,-11.10,3.97,1.85,2.53,7.99,119.00,MANI
-2.25,-4.42,1.50,1.65,2.16,7.41,120.00,MANI
-3.48,-7.93,2.64,1.76,2.17,7.94,121.00,MANI
-4.33,-9.13,3.50,1.85,2.30,7.79,122.00,MANI
-2.95,-6.08,4.17,1.43,1.79,6.30,123.00,MANI
-1.93,-5.92,3.20,1.60,2.07,7.09,124.00,MANI
-1.79,-6.05,3.08,1.52,1.89,6.85,125.00,MANI
-1.50,-10.04,2.23,2.00,2.41,8.82,126.00,MANI
-0.53,-9.48,4.98,1.99,2.76,8.67,127.00,MANI
0.84,-7.42,-3.43,2.08,2.65,9.55,128.00,MANI
1.54,-3.97,15.30,2.39,3.24,10.54,129.00,MANI
-1.75,-3.38,-3.89,2.26,2.98,9.91,130.00,MANI
3.22,-0.31,-10.32,2.78,3.52,12.52,131.00,MANI
-2.46,-1.80,6.85,1.68,2.12,7.52,132.00,MANI
-4.09,0.66,1.18,2.73,3.42,12.34,133.00,MANI
-1.34,-2.38,-3.81,2.30,3.32,10.23,134.00,MANI
-4.77,-5.84,0.15,2.04,2.79,9.06,135.00,MANI
-3.38,-2.60,-7.20,1.92,2.53,8.52,136.00,MANI
-4.86,-1.46,4.75,1.97,2.53,8.93,137.00,MANI
-0.31,1.30,2.46,2.15,2.87,9.73,138.00,MANI
-1.61,-3.36,-3.60,2.36,3.18,10.55,139.00,MANI
-2.99,-4.58,0.40,1.97,3.06,8.88,140.00,MANI
-1.35,-5.78,7.00,2.30,2.88,10.61,141.00,MANI
-3.50,-1.75,0.97,2.10,2.84,9.49,142.00,MANI
0.83,0.00,10.53,2.21,3.15,9.89,143.00,MANI
-2.03,-1.87,4.43,1.83,2.51,8.44,144.00,MANI
-3.85,-4.08,9.88,2.17,2.82,9.71,145.00,MANI
-1.02,-0.74,9.64,2.34,2.89,10.54,146.00,MANI
-2.78,0.11,16.22,2.39,2.95,10.86,147.00,MANI
-0.85,-0.92,6.29,2.31,3.17,10.48,148.00,MANI
-0.01,2.92,0.29,2.38,3.13,10.85,149.00,MANI
-1.75,-3.00,11.22,2.50,3.32,11.18,150.00,MANI
-1.83,-3.37,-1.44,2.70,3.51,12.60,151.00,MANI
4.85,-11.53,-24.70,3.69,4.77,16.74,152.00,MANI
-1.46,-1.64,23.26,2.81,3.86,12.62,153.00,MANI
-0.79,-1.66,-8.51,1.87,2.41,8.44,154.00,MANI
1.66,0.67,-10.02,2.19,2.97,10.10,155.00,MANI
0.30,0.66,15.77,3.42,4.68,15.78,156.00,MANI
-2.21,1.21,-5.38,2.13,2.75,9.72,157.00,MANI
-0.38,0.46,0.50,1.88,2.33,8.67,158.00,MANI
0.23,-4.09,-16.03,3.13,4.12,14.10,159.00,MANI
1.06,3.48,5.64,1.76,2.21,7.85,160.00,MANI
-0.83,2.73,12.86,1.90,2.38,8.58,161.00,MANI
0.06,1.74,9.56,1.88,2.41,8.67,162.00,MANI
2.31,-0.28,4.73,2.10,2.74,9.32,163.00,MANI
0.73,0.68,0.96,1.97,2.47,8.76,164.00,MANI
2.17,0.52,3.29,1.83,2.23,8.26,165.00,MANI
0.78,1.71,4.52,2.02,2.46,8.79,166.00,MANI
-0.55,-1.99,-1.66,1.87,2.59,8.33,167.00,MANI
0.12,-0.14,8.33,2.08,2.59,9.24,168.00,MANI
-0.71,1.03,-0.35,2.08,2.60,9.16,169.00,MANI
-0.65,1.76,0.43,3.14,3.83,13.68,170.00,MANI
2.47,4.20,5.00,1.97,2.33,8.72,171.00,MANI
-1.52,5.16,24.05,2.59,3.09,11.68,172.00,MANI
1.85,5.36,16.48,2.12,2.52,9.71,173.00,MANI
0.47,0.44,2.00,2.22,2.72,10.01,174.00,MANI
0.43,4.40,10.80,2.27,2.85,10.32,175.00,MANI
1.11,5.26,9.18,1.94,2.38,8.69,176.00,MANI
2.61,5.37,-7.59,2.30,3.05,10.37,177.00,MANI
-1.92,5.35,10.17,2.94,3.66,13.47,178.00,MANI
2.54,2.99,0.75,1.98,2.56,9.02,179.00,MANI
2.51,2.40,-1.65,2.04,2.77,9.27,180.00,MANI
0.23,0.17,-5.16,2.00,2.64,9.10,181.00,MANI
0.10,1.50,-2.28,1.89,2.43,8.35,182.00,MANI
0.51,2.06,0.87,1.86,2.36,8.32,183.00,MANI
1.79,1.93,4.15,1.63,2.14,7.43,184.00,MANI
0.65,4.71,-3.04,1.94,2.41,8.92,185.00,MANI
1.94,8.02,3.93,1.88,2.18,8.39,186.00,MANI
-0.77,3.56,-12.62,2.00,2.38,9.14,187.00,MANI
1.58,4.37,-2.04,1.79,2.19,7.93,188.00,MANI
2.94,6.63,6.48,2.02,2.62,9.13,189.00,MANI
1.96,7.95,1.75,2.47,3.16,10.94,190.00,MANI
1.74,2.78,-2.66,1.94,2.50,8.53,191.00,MANI
0.74,6.17,-15.20,2.23,2.78,10.06,192.00,MANI
0.79,7.23,-0.14,1.67,2.04,7.51,193.00,MANI
3.17,6.77,4.76,1.99,2.49,8.75,194.00,MANI
4.03,8.25,-10.06,1.97,2.45,8.81,195.00,MANI
3.87,5.11,-9.70,2.10,2.57,9.52,196.00,MANI
-1.50,4.14,-3.09,2.71,3.26,12.14,197.00,MANI
-0.12,9.21,-8.48,2.59,3.01,11.45,198.00,MANI
5.06,3.68,-5.69,2.67,3.46,11.69,199.00,MANI
4.63,5.27,-1.32,2.11,2.57,9.64,200.00,MANI
4.62,5.61,-15.72,2.55,3.18,11.21,201.00,MANI
5.54,8.80,-0.66,2.64,3.15,11.99,202.00,MANI
1.96,4.41,1.59,3.59,4.73,16.85,203.00,MANI
2.31,8.15,-10.60,2.14,2.56,9.87,204.00,MANI
3.92,5.25,-11.66,1.81,2.14,8.18,205.00,MANI
1.57,9.04,-15.24,1.94,2.35,8.88,206.00,MANI
1.89,11.59,-7.34,2.05,2.77,9.19,207.00,MANI
4.76,9.17,-5.59,2.39,2.84,10.82,208.00,MANI
6.60,11.36,-12.76,2.35,2.86,10.75,209.00,MANI
5.56,13.40,-14.74,2.92,3.47,13.28,210.00,MANI
1.88,10.62,-23.06,1.64,1.87,7.45,211.00,MANI
2.36,8.50,-19.43,1.59,1.96,7.17,212.00,MANI
3.44,8.02,-16.45,1.95,2.49,8.93,213.00,MANI
-3.83,-7.65,-1.46,1.81,2.00,7.41,107.00,ROPA
-4.36,-3.50,2.48,2.02,2.26,8.37,108.00,ROPA
-3.68,-5.89,11.73,2.33,2.61,9.39,109.00,ROPA
-4.63,-8.19,-0.87,2.89,3.27,11.90,110.00,ROPA
-1.89,-8.70,0.45,2.02,2.34,8.40,111.00,ROPA
-6.90,-7.29,-6.19,2.09,2.43,8.54,112.00,ROPA
-6.61,-5.26,-0.15,2.15,2.52,8.76,113.00,ROPA
-2.71,-5.18,9.87,2.16,2.55,8.58,114.00,ROPA
-5.70,-3.67,1.76,1.95,2.22,7.87,115.00,ROPA
-3.91,-6.17,4.93,1.84,2.33,7.47,116.00,ROPA
-6.72,-5.73,12.10,2.36,2.79,9.80,117.00,ROPA
-4.33,-5.98,5.02,2.07,2.42,8.61,118.00,ROPA
-3.59,-5.97,6.54,2.08,2.29,8.39,119.00,ROPA
-3.82,-4.33,1.05,2.03,2.28,8.34,120.00,ROPA
-3.94,-4.98,-4.49,1.87,1.94,7.56,121.00,ROPA
-6.51,-6.64,0.73,1.93,2.17,7.83,122.00,ROPA
-4.00,-2.73,7.66,1.67,1.79,6.84,123.00,ROPA
-3.22,-4.39,4.01,2.12,2.41,8.98,124.00,ROPA
-2.65,-2.68,5.73,1.72,1.83,7.19,125.00,ROPA
-4.25,-8.09,1.27,1.92,2.01,7.84,126.00,ROPA
-0.80,-4.64,6.82,2.35,2.73,9.91,127.00,ROPA
-1.03,-6.09,2.80,2.16,2.51,9.09,128.00,ROPA
-2.97,-3.75,3.53,2.23,2.54,9.30,129.00,ROPA
-0.91,-3.72,-1.54,2.07,2.32,8.44,130.00,ROPA
-1.12,-2.72,-2.02,2.28,2.55,9.62,131.00,ROPA
-5.15,-3.64,1.72,1.97,2.21,8.07,132.00,ROPA
-4.17,0.76,1.37,2.36,2.75,10.04,133.00,ROPA
-4.26,-3.97,-5.01,2.07,2.43,8.55,134.00,ROPA
-3.73,-6.14,-4.23,2.13,2.60,8.90,135.00,ROPA
-1.58,-2.05,-5.30,1.87,2.08,7.78,136.00,ROPA
-1.30,-3.43,-5.03,2.11,2.33,8.81,137.00,ROPA
0.72,1.95,-2.34,2.39,2.73,10.00,138.00,ROPA
-1.13,-3.11,7.50,1.89,2.18,7.80,139.00,ROPA
-0.01,-1.93,-3.11,2.19,2.50,9.06,140.00,ROPA
2.17,-4.32,-3.08,2.42,2.76,10.12,141.00,ROPA
-1.19,0.72,-3.00,2.06,2.26,8.36,142.00,ROPA
-0.63,-0.93,8.66,2.23,2.53,9.11,143.00,ROPA
-0.74,-4.12,-3.08,1.98,2.27,8.25,144.00,ROPA
-1.21,-2.55,5.64,2.70,2.95,11.30,145.00,ROPA
0.10,-2.08,6.70,2.20,2.36,9.09,146.00,ROPA
-0.12,-0.29,-3.19,2.16,2.38,8.78,147.00,ROPA
2.40,-2.39,-12.17,2.78,3.09,11.14,148.00,ROPA
1.84,0.52,-0.45,1.90,2.11,7.99,149.00,ROPA
3.40,-1.35,8.97,2.93,3.29,12.27,150.00,ROPA
1.05,-4.96,0.22,3.02,3.41,12.75,151.00,ROPA
-0.31,0.75,0.47,2.72,3.09,11.07,152.00,ROPA
-0.94,1.82,6.36,2.57,2.95,10.77,153.00,ROPA
-1.00,-0.87,-1.28,2.01,2.30,8.25,154.00,ROPA
1.35,0.98,-1.49,3.08,3.40,12.59,155.00,ROPA
0.71,0.99,10.41,2.06,2.42,8.22,156.00,ROPA
-1.10,0.08,9.26,3.25,3.65,13.46,157.00,ROPA
2.86,1.37,-2.58,2.71,2.93,11.00,158.00,ROPA
-0.36,1.66,3.74,1.94,2.19,7.81,159.00,ROPA
0.10,1.78,-1.44,1.99,2.14,8.16,160.00,ROPA
-1.82,-0.70,-0.06,2.12,2.22,8.75,161.00,ROPA
2.67,3.67,6.93,2.43,2.65,10.02,162.00,ROPA
-0.03,0.50,1.31,2.23,2.48,9.13,163.00,ROPA
1.06,1.39,3.75,1.97,2.11,8.19,164.00,ROPA
2.26,0.92,4.39,2.21,2.38,9.14,165.00,ROPA
1.06,1.31,4.92,2.01,2.18,8.43,166.00,ROPA
1.11,0.12,-4.18,2.47,2.79,10.24,167.00,ROPA
0.64,-0.61,10.90,2.21,2.36,8.94,168.00,ROPA
4.12,2.74,-0.66,2.58,2.78,10.39,169.00,ROPA
3.07,1.50,-3.57,2.14,2.23,8.87,170.00,ROPA
4.08,3.57,5.53,3.77,3.98,15.14,171.00,ROPA
-0.13,3.16,5.67,2.32,2.50,9.75,172.00,ROPA
2.67,2.68,-0.36,1.96,2.10,8.32,173.00,ROPA
2.39,3.11,6.49,1.96,2.09,8.18,174.00,ROPA
2.50,-0.21,7.33,2.23,2.43,9.20,175.00,ROPA
-0.27,-0.21,4.24,2.59,2.80,10.58,176.00,ROPA
3.92,-0.22,-1.37,2.07,2.33,8.61,177.00,ROPA
0.95,0.56,3.82,2.30,2.48,9.42,178.00,ROPA
4.25,1.79,7.00,2.52,2.84,10.59,179.00,ROPA
1.91,0.23,-10.72,2.41,2.79,9.87,180.00,ROPA
2.10,3.28,6.95,2.38,2.63,9.53,181.00,ROPA
-1.16,1.55,1.48,2.77,2.99,11.53,182.00,ROPA
2.13,-1.62,-7.57,2.64,2.88,11.02,183.00,ROPA
8.17,0.00,11.79,4.25,4.72,17.81,184.00,ROPA
-1.22,5.41,18.94,3.36,3.63,14.03,185.00,ROPA
2.23,6.07,1.85,2.33,2.40,9.49,186.00,ROPA
-1.91,4.87,-8.98,3.03,3.22,12.66,187.00,ROPA
0.70,0.01,1.25,3.22,3.45,13.42,188.00,ROPA
4.31,2.81,-11.05,2.32,2.47,9.55,189.00,ROPA
1.71,2.16,-6.22,2.05,2.15,8.18,190.00,ROPA
1.22,1.80,-9.56,2.08,2.31,8.34,191.00,ROPA
1.76,0.49,-13.65,3.15,3.39,13.00,192.00,ROPA
-2.10,1.29,-1.06,2.63,2.72,10.65,193.00,ROPA
-1.31,4.59,0.29,2.89,3.11,12.00,194.00,ROPA
2.24,4.77,1.26,1.95,2.05,8.05,195.00,ROPA
2.63,5.51,-9.36,2.01,2.06,8.23,196.00,ROPA
3.00,4.40,-6.04,2.07,2.18,8.47,197.00,ROPA
1.95,5.30,-2.87,2.63,2.73,10.72,198.00,ROPA
4.28,8.05,-4.43,2.67,2.88,10.60,199.00,ROPA
4.38,5.63,-4.29,2.68,2.82,10.73,200.00,ROPA
3.16,6.29,-11.30,2.36,2.48,9.73,201.00,ROPA
-0.81,1.88,-1.13,2.38,2.48,9.91,202.00,ROPA
4.09,5.77,5.84,3.06,3.20,12.46,203.00,ROPA
-0.04,4.24,-4.94,2.70,2.79,10.97,204.00,ROPA
4.88,3.49,-5.37,2.29,2.36,9.51,205.00,ROPA
1.18,3.97,-12.77,2.51,2.61,10.27,206.00,ROPA
3.05,6.65,-11.34,2.46,2.69,9.91,207.00,ROPA
3.43,9.54,-30.80,3.10,3.25,12.67,208.00,ROPA
4.42,5.92,-5.32,2.48,2.60,10.33,209.00,ROPA
2.67,10.27,3.05,2.60,2.68,10.85,210.00,ROPA
2.94,5.96,-3.55,2.10,2.10,8.52,211.00,ROPA
1.12,4.89,-4.63,2.14,2.24,8.84,212.00,ROPA
4.77,7.87,-13.97,2.87,3.06,12.08,213.00,ROPA
-4.80,-7.79,8.26,2.80,3.85,12.41,107.00,TRIV
-6.25,-10.99,-1.24,2.65,3.59,11.87,108.00,TRIV
-6.77,-8.77,-2.21,3.18,4.33,13.99,109.00,TRIV
-7.11,-12.81,4.25,2.77,3.95,11.65,110.00,TRIV
-2.81,-2.74,7.64,3.13,4.26,13.50,111.00,TRIV
-4.94,-7.37,-12.82,3.35,4.89,15.24,112.00,TRIV
-13.71,-13.41,15.54,3.25,4.41,13.71,113.00,TRIV
-2.39,-18.32,-13.44,4.43,7.20,20.18,114.00,TRIV
-6.42,-11.70,2.59,3.17,4.70,14.57,115.00,TRIV
-7.83,-9.69,-6.08,2.81,4.14,12.66,116.00,TRIV
-4.50,-6.84,12.96,2.60,3.66,10.89,117.00,TRIV
-3.64,-9.17,-0.07,2.58,3.86,11.21,118.00,TRIV
-6.31,-7.82,12.88,2.77,3.68,12.53,119.00,TRIV
-4.07,-6.62,9.52,2.74,3.85,12.40,120.00,TRIV
-5.40,-5.35,-8.06,2.91,3.99,13.53,121.00,TRIV
-7.81,-7.91,1.37,2.29,2.97,9.70,122.00,TRIV
-3.69,-2.75,11.66,2.21,3.06,9.88,123.00,TRIV
-6.32,-3.20,8.63,2.58,3.77,11.54,124.00,TRIV
-0.67,-2.54,7.39,2.26,3.02,10.13,125.00,TRIV
-5.70,-8.02,17.11,2.40,3.18,10.50,126.00,TRIV
-2.66,-5.50,9.88,2.22,2.86,9.65,127.00,TRIV
-0.60,-4.72,8.07,2.26,2.80,9.47,128.00,TRIV
-1.54,-12.44,9.92,2.99,4.11,13.29,129.00,TRIV
-0.56,-4.38,-0.30,2.68,3.54,12.00,130.00,TRIV
-2.02,-12.34,-5.51,2.53,3.34,11.26,131.00,TRIV
-1.47,-3.39,7.64,2.35,2.96,10.25,132.00,TRIV
-4.56,-8.56,14.79,2.82,3.63,12.24,133.00,TRIV
-3.18,-3.79,5.69,2.48,3.34,11.00,134.00,TRIV
-2.08,-4.29,19.76,2.37,2.95,9.52,135.00,TRIV
-0.56,0.52,-3.75,2.07,2.91,9.22,136.00,TRIV
0.26,-4.41,-1.36,2.39,3.31,10.59,137.00,TRIV
-3.67,-4.00,15.79,2.39,3.32,10.87,138.00,TRIV
-2.45,-10.55,20.61,2.87,4.02,12.80,139.00,TRIV
-0.74,-3.01,-0.50,2.26,3.32,10.09,140.00,TRIV
-1.12,-5.89,2.46,2.77,3.76,12.42,141.00,TRIV
-2.97,2.04,5.56,2.77,3.69,12.35,142.00,TRIV
-3.61,-2.68,13.34,2.65,3.61,11.91,143.00,TRIV
-2.57,0.51,6.71,3.08,4.02,13.85,144.00,TRIV
-2.92,-4.40,35.92,2.88,3.95,13.05,145.00,TRIV
-2.33,-0.85,9.99,2.37,2.97,10.04,146.00,TRIV
-2.73,-3.67,10.98,2.84,3.69,12.76,147.00,TRIV
-2.05,-1.07,-2.32,2.30,2.98,10.51,148.00,TRIV
0.97,-0.46,5.79,2.53,3.19,11.00,149.00,TRIV
0.55,0.44,6.18,2.94,3.93,13.20,150.00,TRIV
0.13,-2.66,4.40,2.03,2.61,9.06,151.00,TRIV
1.60,0.23,-5.06,2.74,3.57,12.33,152.00,TRIV
0.59,-1.47,2.75,1.94,2.44,8.49,153.00,TRIV
-3.77,2.47,1.90,2.24,2.86,9.64,154.00,TRIV
1.12,-0.62,-10.85,2.08,2.70,9.37,155.00,TRIV
-2.51,-2.03,0.31,2.10,3.06,9.55,156.00,TRIV
-1.28,1.83,3.03,2.55,3.42,11.36,157.00,TRIV
0.86,-0.99,4.75,2.79,3.87,12.60,158.00,TRIV
1.98,2.08,2.12,3.22,4.27,14.84,159.00,TRIV
-3.74,-4.24,-6.92,4.02,5.28,18.13,160.00,TRIV
2.19,3.18,11.06,3.42,4.59,15.73,161.00,TRIV
1.47,4.24,1.87,3.20,4.34,14.90,162.00,TRIV
2.25,5.64,-2.73,2.31,3.10,10.24,163.00,TRIV
0.75,-1.08,2.06,2.71,3.60,12.34,164.00,TRIV
0.57,-2.50,-5.61,2.52,3.24,10.81,165.00,TRIV
0.53,2.58,5.15,2.47,3.29,10.70,166.00,TRIV
0.44,-2.15,8.25,2.64,3.51,11.37,167.00,TRIV
0.80,0.93,1.85,1.98,2.73,8.68,168.00,TRIV
3.88,2.64,-1.36,2.34,3.00,10.25,169.00,TRIV
0.69,3.95,-12.93,3.27,4.26,14.65,170.00,TRIV
2.84,1.67,-8.66,2.63,3.39,11.91,171.00,TRIV
-0.82,6.02,-12.41,2.60,3.50,11.94,172.00,TRIV
-1.91,4.46,-11.37,2.71,3.60,12.39,173.00,TRIV
3.09,5.45,-1.59,2.11,2.75,9.60,174.00,TRIV
1.63,2.20,6.02,2.20,2.91,9.92,175.00,TRIV
3.26,1.50,-0.08,2.84,3.70,12.89,176.00,TRIV
2.91,2.85,-0.18,2.99,4.04,13.90,177.00,TRIV
2.39,2.01,0.53,2.55,3.43,12.04,178.00,TRIV
1.82,-0.07,-3.80,2.61,3.81,12.21,179.00,TRIV
3.40,2.69,0.54,2.44,3.01,10.79,180.00,TRIV
4.75,5.64,-0.36,2.73,3.74,12.54,181.00,TRIV
1.87,3.04,-1.89,2.09,2.65,9.25,182.00,TRIV
3.65,5.58,-3.81,2.12,2.72,9.54,183.00,TRIV
6.52,2.57,-6.39,2.27,2.84,9.91,184.00,TRIV
4.12,5.05,-5.45,2.09,2.68,9.61,185.00,TRIV
4.27,6.09,-6.81,1.84,2.28,8.40,186.00,TRIV
0.89,5.45,-13.15,2.42,3.09,11.07,187.00,TRIV
4.71,5.54,-16.51,1.97,2.61,9.13,188.00,TRIV
1.75,7.06,-0.04,2.26,3.10,9.69,189.00,TRIV
4.14,7.55,-0.56,1.94,2.42,8.71,190.00,TRIV
5.17,6.82,6.73,2.51,3.22,11.14,191.00,TRIV
1.36,4.25,-19.60,2.14,2.68,9.32,192.00,TRIV
3.03,8.75,-4.28,1.77,2.34,7.94,193.00,TRIV
2.30,5.63,5.21,2.65,3.66,11.82,194.00,TRIV
4.49,6.32,-13.48,2.43,3.20,11.29,195.00,TRIV
4.62,8.98,-11.34,2.92,3.97,13.76,196.00,TRIV
-5.61,0.08,-17.92,4.54,6.22,21.20,197.00,TRIV
1.08,5.80,-10.37,2.57,3.28,11.91,198.00,TRIV
1.39,3.12,0.09,2.87,3.99,13.17,199.00,TRIV
6.03,3.37,-3.20,2.64,3.55,12.51,200.00,TRIV
5.16,6.95,-20.59,2.28,2.94,10.29,201.00,TRIV
3.74,7.76,-19.93,1.87,2.48,8.81,202.00,TRIV
3.90,6.02,4.27,1.98,2.53,8.93,203.00,TRIV
4.95,11.64,0.66,2.44,3.32,11.63,204.00,TRIV
6.06,6.05,-15.85,1.82,2.32,8.09,205.00,TRIV
7.19,9.85,-10.52,2.13,2.73,9.61,206.00,TRIV
2.57,11.90,-10.09,1.97,2.62,9.11,207.00,TRIV
5.99,10.78,-9.20,1.80,2.45,8.40,208.00,TRIV
6.08,9.19,-13.99,1.84,2.44,8.67,209.00,TRIV
4.92,9.37,-2.39,3.05,4.05,14.55,210.00,TRIV
7.28,7.44,-5.11,2.74,3.63,12.96,211.00,TRIV
4.98,10.34,-7.21,1.92,2.51,8.73,212.00,TRIV
5.13,5.51,-11.39,2.04,2.57,9.18,213.00,TRIV
-2.63,-2.31,4.52,3.03,3.89,14.25,220.00,BOMB
-0.81,1.70,4.56,3.69,4.58,18.48,221.00,BOMB
-0.99,1.62,8.42,3.42,4.52,17.05,222.00,BOMB
4.43,-1.01,-17.50,4.21,5.19,20.19,223.00,BOMB
1.28,-4.94,15.17,2.37,2.73,10.29,214.00,IITK
0.88,-0.80,1.09,1.90,2.13,8.20,215.00,IITK
-0.25,-2.85,9.03,2.00,2.23,8.63,216.00,IITK
1.00,-2.77,1.38,2.16,2.51,9.28,217.00,IITK
-1.05,0.25,0.68,1.83,2.00,7.46,218.00,IITK
-2.64,4.40,-11.67,2.49,2.88,10.27,219.00,IITK
-0.55,-1.11,-6.86,2.03,2.47,8.28,220.00,IITK
-0.23,4.78,4.21,2.32,2.88,9.82,221.00,IITK
0.86,1.12,-1.75,2.05,2.68,8.50,222.00,IITK
0.71,1.97,-11.27,2.28,2.88,9.43,223.00,IITK
2.19,-6.57,8.85,4.87,6.62,19.63,214.00,MANI
0.16,-0.09,23.53,5.06,7.63,22.60,215.00,MANI
-1.31,-1.25,2.80,3.86,5.35,16.55,216.00,MANI
0.56,1.15,-6.48,4.76,7.51,19.69,217.00,MANI
-3.57,-7.99,-1.18,4.11,5.84,17.14,218.00,MANI
-2.52,1.64,-6.67,3.17,5.13,12.94,219.00,MANI
2.13,1.07,-3.12,1.76,2.20,7.58,220.00,MANI
1.02,3.45,-5.51,2.12,2.70,9.23,221.00,MANI
1.46,3.52,-7.92,1.98,2.71,8.52,222.00,MANI
-0.13,5.03,-4.29,2.04,2.56,8.75,223.00,MANI
7.35,-25.37,28.12,9.23,11.86,25.49,214.00,ROPA
0.38,3.40,3.38,2.82,3.32,11.10,215.00,ROPA
0.84,10.05,13.20,4.55,8.50,17.54,216.00,ROPA
0.06,4.42,-3.26,2.98,3.83,11.62,217.00,ROPA
-3.17,0.43,-3.58,2.74,3.11,10.47,218.00,ROPA
-1.49,-6.26,-4.83,3.59,5.62,13.72,219.00,ROPA
-0.16,3.10,-3.28,2.13,2.42,8.69,220.00,ROPA
0.41,5.86,-18.50,2.65,3.01,11.09,221.00,ROPA
-2.42,-0.03,-5.02,2.76,3.17,11.13,222.00,ROPA
-1.80,4.43,-6.20,2.53,2.80,10.11,223.00,ROPA
-3.77,-4.26,-11.36,6.47,9.11,22.85,214.00,TRIV
12.51,6.14,11.13,7.56,11.24,33.95,215.00,TRIV
-0.45,3.53,-3.47,3.05,4.28,12.54,216.00,TRIV
-1.46,-3.47,-7.86,4.31,6.82,14.42,217.00,TRIV
4.93,-2.68,12.30,4.12,6.67,14.26,218.00,TRIV
-4.37,-8.99,1.32,5.60,9.69,18.25,219.00,TRIV
-1.47,0.84,-4.07,1.93,2.49,8.38,220.00,TRIV
-3.87,2.04,3.90,2.64,3.60,11.62,221.00,TRIV
0.20,3.86,-6.25,2.09,2.72,9.20,222.00,TRIV
-2.27,2.96,4.34,2.23,2.95,10.18,223.00,TRIV
0.83,-7.74,-4.36,2.46,3.25,11.74,224.00,BOMB
-2.53,-3.34,6.27,2.92,3.69,13.94,225.00,BOMB
-0.19,0.08,-4.66,3.11,5.06,14.49,226.00,BOMB
-4.52,-2.66,-4.69,2.98,3.89,14.56,227.00,BOMB
3.77,-5.07,4.79,3.03,3.82,14.10,228.00,BOMB
3.65,25.09,1.76,5.29,7.42,25.47,229.00,BOMB
-0.98,-6.39,0.89,3.21,4.62,14.08,230.00,BOMB
1.86,-0.53,-0.66,1.88,2.23,7.84,224.00,IITK
-1.55,0.13,-2.79,2.26,2.79,9.68,225.00,IITK
0.50,-0.38,0.35,1.98,2.54,8.32,226.00,IITK
-2.37,0.45,-5.33,2.25,2.76,9.26,227.00,IITK
0.77,3.17,2.83,2.02,2.34,8.24,228.00,IITK
-0.61,-2.85,-1.73,2.01,2.53,8.43,229.00,IITK
1.42,0.04,7.30,2.54,3.09,10.70,230.00,IITK
-0.33,-1.18,0.77,1.69,2.12,7.44,224.00,MANI
-0.33,-0.17,1.43,1.78,2.28,7.65,225.00,MANI
-0.66,0.55,-4.64,1.85,2.48,8.02,226.00,MANI
-1.58,1.89,6.09,2.01,2.62,8.46,227.00,MANI
0.46,1.17,5.11,2.11,2.67,9.06,228.00,MANI
2.83,-2.03,-1.23,2.17,3.08,9.56,229.00,MANI
-0.35,-0.20,-7.51,2.09,2.63,8.87,230.00,MANI
1.96,-1.70,14.14,3.90,4.28,16.36,224.00,ROPA
1.19,-1.95,-7.58,2.26,2.52,9.07,225.00,ROPA
-2.12,0.88,-0.82,2.24,2.84,9.29,226.00,ROPA
-2.93,2.31,0.77,2.39,2.76,9.46,227.00,ROPA
1.12,1.36,0.52,2.16,2.31,8.54,228.00,ROPA
0.44,-0.53,-7.14,2.47,2.70,10.18,229.00,ROPA
0.37,-0.38,0.09,2.09,2.51,8.48,230.00,ROPA
1.75,0.88,7.07,1.86,2.47,8.52,224.00,TRIV
3.10,1.41,-11.42,2.36,3.30,10.66,225.00,TRIV
2.58,2.54,0.86,2.41,3.56,10.67,226.00,TRIV
-3.07,1.61,-0.23,2.29,3.00,10.02,227.00,TRIV
-0.53,0.86,9.19,2.06,2.92,9.08,228.00,TRIV
-1.89,-5.23,-1.40,2.49,3.73,11.37,229.00,TRIV
-1.94,-2.10,-4.05,2.30,3.26,10.49,230.00,TRIV
